source_account_number,source_ifsc,source_bank,source_holder_name,target_account_number,target_ifsc,target_bank,target_holder_name,utr_number,rrn_number,transaction_date,amount,transaction_type,withdrawal_flag,narration,layer_number
1111000001,SBIN0001234,SBI,Holder 1,2222000001,ICIC0005678,ICICI,Target 1,UTR_ING_553ee872_01,RRN_553ee872_01,2026-07-18T12:01:00Z,50000.0,IMPS,false,Hop 1 test,2
1111000002,SBIN0001234,SBI,Holder 2,2222000002,ICIC0005678,ICICI,Target 2,UTR_ING_553ee872_02,RRN_553ee872_02,2026-07-18T12:02:00Z,50000.0,IMPS,false,Hop 2 test,3
1111000003,SBIN0001234,SBI,Holder 3,2222000003,ICIC0005678,ICICI,Target 3,UTR_ING_553ee872_03,RRN_553ee872_03,2026-07-18T12:03:00Z,50000.0,IMPS,true,Hop 3 test,4
1111000004,SBIN0001234,SBI,Holder 4,2222000004,ICIC0005678,ICICI,Target 4,UTR_ING_553ee872_04,RRN_553ee872_04,2026-07-18T12:04:00Z,50000.0,IMPS,false,Hop 4 test,1
1111000005,SBIN0001234,SBI,Holder 5,2222000005,ICIC0005678,ICICI,Target 5,UTR_ING_553ee872_05,RRN_553ee872_05,2026-07-18T12:05:00Z,50000.0,IMPS,false,Hop 5 test,2
1111000006,SBIN0001234,SBI,Holder 6,2222000006,ICIC0005678,ICICI,Target 6,UTR_ING_553ee872_06,RRN_553ee872_06,2026-07-18T12:06:00Z,50000.0,IMPS,false,Hop 6 test,3
1111000007,SBIN0001234,SBI,Holder 7,2222000007,ICIC0005678,ICICI,Target 7,UTR_ING_553ee872_07,RRN_553ee872_07,2026-07-18T12:07:00Z,50000.0,IMPS,true,Hop 7 test,4
1111000008,SBIN0001234,SBI,Holder 8,2222000008,ICIC0005678,ICICI,Target 8,UTR_ING_553ee872_08,RRN_553ee872_08,2026-07-18T12:08:00Z,50000.0,IMPS,false,Hop 8 test,1
1111000009,SBIN0001234,SBI,Holder 9,2222000009,ICIC0005678,ICICI,Target 9,UTR_ING_553ee872_09,RRN_553ee872_09,2026-07-18T12:09:00Z,50000.0,IMPS,false,Hop 9 test,2
1111000010,SBIN0001234,SBI,Holder 10,2222000010,ICIC0005678,ICICI,Target 10,UTR_ING_553ee872_10,RRN_553ee872_10,2026-07-18T12:10:00Z,50000.0,IMPS,false,Hop 10 test,3
1111000011,SBIN0001234,SBI,Holder 11,2222000011,ICIC0005678,ICICI,Target 11,UTR_ING_553ee872_11,RRN_553ee872_11,2026-07-18T12:11:00Z,50000.0,IMPS,true,Hop 11 test,4
1111000012,SBIN0001234,SBI,Holder 12,2222000012,ICIC0005678,ICICI,Target 12,UTR_ING_553ee872_12,RRN_553ee872_12,2026-07-18T12:12:00Z,50000.0,IMPS,false,Hop 12 test,1
1111000013,SBIN0001234,SBI,Holder 13,2222000013,ICIC0005678,ICICI,Target 13,UTR_ING_553ee872_13,RRN_553ee872_13,2026-07-18T12:13:00Z,50000.0,IMPS,false,Hop 13 test,2
1111000014,SBIN0001234,SBI,Holder 14,2222000014,ICIC0005678,ICICI,Target 14,UTR_ING_553ee872_14,RRN_553ee872_14,2026-07-18T12:14:00Z,50000.0,IMPS,false,Hop 14 test,3
1111000015,SBIN0001234,SBI,Holder 15,2222000015,ICIC0005678,ICICI,Target 15,UTR_ING_553ee872_15,RRN_553ee872_15,2026-07-18T12:15:00Z,50000.0,IMPS,true,Hop 15 test,4
1111000016,SBIN0001234,SBI,Holder 16,2222000016,ICIC0005678,ICICI,Target 16,UTR_ING_553ee872_16,RRN_553ee872_16,2026-07-18T12:16:00Z,50000.0,IMPS,false,Hop 16 test,1
1111000017,SBIN0001234,SBI,Holder 17,2222000017,ICIC0005678,ICICI,Target 17,UTR_ING_553ee872_17,RRN_553ee872_17,2026-07-18T12:17:00Z,50000.0,IMPS,false,Hop 17 test,2
1111000018,SBIN0001234,SBI,Holder 18,2222000018,ICIC0005678,ICICI,Target 18,UTR_ING_553ee872_18,RRN_553ee872_18,2026-07-18T12:18:00Z,50000.0,IMPS,false,Hop 18 test,3
1111000019,SBIN0001234,SBI,Holder 19,2222000019,ICIC0005678,ICICI,Target 19,UTR_ING_553ee872_19,RRN_553ee872_19,2026-07-18T12:19:00Z,50000.0,IMPS,true,Hop 19 test,4
1111000020,SBIN0001234,SBI,Holder 20,2222000020,ICIC0005678,ICICI,Target 20,UTR_ING_553ee872_20,RRN_553ee872_20,2026-07-18T12:20:00Z,50000.0,IMPS,false,Hop 20 test,1